timestamp,measurements_count,produced_energy,consumed_energy,battery_charged_energy,battery_discharged_energy,grid_feedin_energy,grid_purchase_energy
2026-07-16T00:00:00+02:00,60,0,458,0,422,17,44
2026-07-16T01:00:00+02:00,60,1,470,0,435,18,40
2026-07-16T02:00:00+02:00,60,0,458,0,423,17,42
2026-07-16T03:00:00+02:00,59,0,428,0,394,16,44
2026-07-16T04:00:00+02:00,60,124,465,4,305,18,45
2026-07-16T05:00:00+02:00,60,1215,565,713,81,51,30
2026-07-16T06:00:00+02:00,60,3204,561,2551,0,115,60
2026-07-16T07:00:00+02:00,60,4753,547,2960,1,1322,78
2026-07-16T08:00:00+02:00,60,5881,506,4,4,5373,0
2026-07-16T09:00:00+02:00,60,6660,545,4,3,6115,0
2026-07-16T10:00:00+02:00,60,6793,561,4,4,6232,0
2026-07-16T11:00:00+02:00,60,6597,689,186,4,5755,0
2026-07-16T12:00:00+02:00,60,6028,743,4,4,5283,0
2026-07-16T13:00:00+02:00,60,5275,1756,4,4,3518,0
2026-07-16T14:00:00+02:00,60,3888,1723,4,4,2164,0
2026-07-16T15:00:00+02:00,60,2266,1665,4,39,653,35
2026-07-16T16:00:00+02:00,60,864,1885,13,992,30,53
2026-07-16T17:00:00+02:00,60,502,681,6,131,54,63
2026-07-16T18:00:00+02:00,60,428,712,2,244,24,53
2026-07-16T19:00:00+02:00,60,325,866,2,502,48,62
2026-07-16T20:00:00+02:00,60,174,692,0,482,30,50
2026-07-16T21:00:00+02:00,60,32,425,0,356,16,47
2026-07-16T22:00:00+02:00,60,3,465,0,424,29,51
2026-07-16T23:00:00+02:00,60,1,589,0,554,22,49
2026-07-17T00:00:00+02:00,60,1,632,0,595,30,50
2026-07-17T01:00:00+02:00,60,3,658,0,627,27,49
2026-07-17T02:00:00+02:00,60,4,880,0,833,32,61
2026-07-17T03:00:00+02:00,59,3,1326,0,1287,64,56
2026-07-17T04:00:00+02:00,60,162,544,6,352,23,50
2026-07-17T05:00:00+02:00,60,1526,502,1019,34,59,49
2026-07-17T06:00:00+02:00,60,3337,531,2714,0,115,86
2026-07-17T07:00:00+02:00,60,4922,1609,3228,0,119,43
2026-07-17T08:00:00+02:00,60,6031,1889,2659,1,1491,30
2026-07-17T09:00:00+02:00,60,6585,1821,4,3,4761,0
2026-07-17T10:00:00+02:00,60,4873,1839,2,3,3038,3
2026-07-17T11:00:00+02:00,60,5893,1873,1,2,4019,0
2026-07-17T12:00:00+02:00,60,6151,1871,179,1,4127,7
2026-07-17T13:00:00+02:00,60,5243,1148,1,2,4095,0
2026-07-17T14:00:00+02:00,60,4017,446,3,4,3571,0
2026-07-17T15:00:00+02:00,60,2319,664,3,4,1653,0
2026-07-17T16:00:00+02:00,60,974,816,187,56,56,36
2026-07-17T17:00:00+02:00,60,348,1008,0,626,28,46
2026-07-17T18:00:00+02:00,60,234,752,2,485,18,45
2026-07-17T19:00:00+02:00,60,202,1544,4,1282,124,135
2026-07-17T20:00:00+02:00,60,190,992,0,787,19,39
2026-07-17T21:00:00+02:00,60,33,1360,13,1305,46,67
2026-07-17T22:00:00+02:00,60,3,1212,0,1191,42,62
2026-07-17T23:00:00+02:00,60,2,985,0,963,20,38
2026-07-18T00:00:00+02:00,60,4,923,0,896,24,45
2026-07-18T01:00:00+02:00,60,3,878,0,848,24,51
2026-07-18T02:00:00+02:00,60,4,885,0,860,19,41
2026-07-18T03:00:00+02:00,58,4,830,0,801,19,42
2026-07-18T04:00:00+02:00,60,43,745,0,677,22,38
2026-07-18T05:00:00+02:00,60,288,733,0,411,22,44
2026-07-18T06:00:00+02:00,60,1737,808,969,69,62,50
2026-07-18T07:00:00+02:00,60,582,728,23,145,21,40
2026-07-18T08:00:00+02:00,60,959,910,221,194,38,75
2026-07-18T09:00:00+02:00,60,2168,895,1258,3,66,60
2026-07-18T10:00:00+02:00,60,762,917,62,180,48,66
2026-07-18T11:00:00+02:00,60,1695,1140,593,47,58,61
2026-07-18T12:00:00+02:00,60,1005,1062,60,98,32,40
2026-07-18T13:00:00+02:00,60,824,1214,16,357,45,61
2026-07-18T14:00:00+02:00,60,527,1103,0,544,21,43
2026-07-18T15:00:00+02:00,60,758,1154,33,402,30,47
2026-07-18T16:00:00+02:00,60,520,1387,9,828,55,56
2026-07-18T17:00:00+02:00,60,253,1834,7,1564,58,62
2026-07-18T18:00:00+02:00,60,151,1477,0,1291,24,59
2026-07-18T19:00:00+02:00,60,63,1408,0,1320,23,43
2026-07-18T20:00:00+02:00,60,6,1129,0,1097,29,40
2026-07-18T21:00:00+02:00,60,4,1165,3,146,4,1020
2026-07-18T22:00:00+02:00,60,4,1246,3,0,0,1241
2026-07-18T23:00:00+02:00,60,4,1148,3,1,0,1144
2026-07-19T00:00:00+02:00,60,4,674,3,0,0,670
2026-07-19T01:00:00+02:00,60,4,397,2,0,0,392
2026-07-19T02:00:00+02:00,60,4,392,2,0,0,388
2026-07-19T03:00:00+02:00,58,4,393,4,0,0,389
2026-07-19T04:00:00+02:00,60,4,378,2,0,0,374
2026-07-19T05:00:00+02:00,60,67,345,3,1,0,278
2026-07-19T06:00:00+02:00,60,97,353,0,0,0,257
2026-07-19T07:00:00+02:00,60,281,342,6,1,3,67
2026-07-19T08:00:00+02:00,60,482,545,68,3,20,165
2026-07-19T09:00:00+02:00,60,889,469,425,0,35,75
2026-07-19T10:00:00+02:00,60,1095,1138,77,92,32,43
2026-07-19T11:00:00+02:00,60,1225,772,495,76,48,24
2026-07-19T12:00:00+02:00,60,1503,623,849,0,46,30
2026-07-19T13:00:00+02:00,60,1218,497,768,82,46,30
2026-07-19T14:00:00+02:00,60,1520,410,1075,1,52,41
2026-07-19T15:00:00+02:00,60,2103,399,1659,0,70,62
2026-07-19T16:00:00+02:00,60,1659,599,1086,50,53,53
2026-07-19T17:00:00+02:00,60,996,473,545,53,48,53
2026-07-19T18:00:00+02:00,60,855,706,303,177,48,46
2026-07-19T19:00:00+02:00,60,471,862,29,361,50,54
2026-07-19T20:00:00+02:00,60,236,830,2,557,22,49
2026-07-19T21:00:00+02:00,60,36,1246,0,1182,27,48
2026-07-19T22:00:00+02:00,60,4,949,0,916,27,51
2026-07-19T23:00:00+02:00,60,4,512,0,473,17,47
2026-07-20T00:00:00+02:00,60,4,471,0,433,19,43
2026-07-20T01:00:00+02:00,60,4,529,5,493,24,44
2026-07-20T02:00:00+02:00,60,4,477,0,315,13,167
2026-07-20T03:00:00+02:00,58,4,411,4,0,0,408
2026-07-20T04:00:00+02:00,60,28,352,4,3,0,325
2026-07-20T05:00:00+02:00,60,276,361,28,2,9,121
2026-07-20T06:00:00+02:00,60,1889,372,1469,1,76,41
2026-07-20T07:00:00+02:00,60,5575,546,4915,0,135,112
2026-07-20T08:00:00+02:00,60,6491,546,5851,0,167,176
2026-07-20T09:00:00+02:00,60,6133,828,5234,0,219,163
2026-07-20T10:00:00+02:00,60,4766,850,3168,1,870,111
2026-07-20T11:00:00+02:00,60,3229,1146,4,3,2084,2
2026-07-20T12:00:00+02:00,60,4301,2935,107,98,1416,39
2026-07-20T13:00:00+02:00,60,5902,950,222,4,4752,8
2026-07-20T14:00:00+02:00,60,4946,630,4,4,4316,0
2026-07-20T15:00:00+02:00,60,3305,786,4,4,2517,0
2026-07-20T16:00:00+02:00,60,2113,979,49,185,1285,25
2026-07-20T17:00:00+02:00,60,1461,1022,423,1,53,55
2026-07-20T18:00:00+02:00,60,1107,446,21,17,667,17
2026-07-20T19:00:00+02:00,60,784,1884,29,1061,84,99
2026-07-20T20:00:00+02:00,60,327,796,0,425,68,75
2026-07-20T21:00:00+02:00,60,37,1117,0,1040,52,59
2026-07-20T22:00:00+02:00,60,4,1631,0,1590,61,79
2026-07-20T23:00:00+02:00,60,4,790,0,758,22,56
2026-07-21T00:00:00+02:00,60,4,524,0,484,21,47
2026-07-21T01:00:00+02:00,60,4,481,0,441,25,46
2026-07-21T02:00:00+02:00,60,4,372,3,330,19,46
2026-07-21T03:00:00+02:00,59,4,362,0,322,18,46
2026-07-21T04:00:00+02:00,60,113,314,19,195,42,36
2026-07-21T05:00:00+02:00,60,1535,366,1111,0,64,19
2026-07-21T06:00:00+02:00,60,3603,355,3093,0,160,54
2026-07-21T07:00:00+02:00,60,5262,647,4090,0,558,125
2026-07-21T08:00:00+02:00,60,6411,972,4,4,5437,0
2026-07-21T09:00:00+02:00,60,7094,1313,4,4,5779,0
2026-07-21T10:00:00+02:00,60,7280,788,4,4,6492,0
2026-07-21T11:00:00+02:00,60,7102,1088,179,4,5962,1
2026-07-21T12:00:00+02:00,60,6451,1315,4,4,5134,0
2026-07-21T13:00:00+02:00,60,4800,1138,4,4,3663,4
2026-07-21T14:00:00+02:00,60,3858,1715,66,6,2104,27
2026-07-21T15:00:00+02:00,60,2301,1095,156,22,1118,46
2026-07-21T16:00:00+02:00,60,1594,987,4,4,607,14
2026-07-21T17:00:00+02:00,60,1153,949,4,27,245,17
2026-07-21T18:00:00+02:00,60,801,1417,23,593,98,75
2026-07-21T19:00:00+02:00,60,377,973,0,564,29,47
2026-07-21T20:00:00+02:00,60,71,1033,0,940,24,40
2026-07-21T21:00:00+02:00,60,2,1171,0,1153,25,40
2026-07-21T22:00:00+02:00,60,2,1180,0,1150,21,48
2026-07-21T23:00:00+02:00,60,4,1341,0,1306,36,59
2026-07-22T00:00:00+02:00,60,4,1088,0,1054,17,47
2026-07-22T01:00:00+02:00,60,4,1105,0,1083,26,48
2026-07-22T02:00:00+02:00,60,4,856,0,821,23,44
2026-07-22T03:00:00+02:00,59,4,764,0,731,16,45
2026-07-22T04:00:00+02:00,60,4,691,1,653,19,41
2026-07-22T05:00:00+02:00,60,91,710,0,588,18,44
2026-07-22T06:00:00+02:00,60,616,682,58,112,27,35
2026-07-22T07:00:00+02:00,60,1019,715,280,1,34,66
2026-07-22T08:00:00+02:00,60,1453,828,689,91,48,43
2026-07-22T09:00:00+02:00,60,1097,801,321,31,33,46
2026-07-22T10:00:00+02:00,60,690,1101,36,466,69,63
2026-07-22T11:00:00+02:00,60,779,1440,15,656,44,65
2026-07-22T12:00:00+02:00,60,1107,1396,451,720,40,54
2026-07-22T13:00:00+02:00,60,457,996,0,505,26,48
2026-07-22T14:00:00+02:00,60,739,1504,0,728,55,60
2026-07-22T15:00:00+02:00,60,565,1226,10,636,46,52
2026-07-22T16:00:00+02:00,60,1446,1856,262,690,66,67
2026-07-22T17:00:00+02:00,60,750,1406,1,612,76,81
2026-07-22T18:00:00+02:00,60,659,948,8,259,39,54
2026-07-22T19:00:00+02:00,60,526,1596,0,1034,43,57
2026-07-22T20:00:00+02:00,60,271,1077,0,776,42,48
2026-07-22T21:00:00+02:00,60,32,967,1,496,7,450
2026-07-22T22:00:00+02:00,60,4,855,1,1,0,851
2026-07-22T23:00:00+02:00,60,4,714,0,0,0,710
2026-07-23T00:00:00+02:00,60,4,655,2,0,0,651
2026-07-23T01:00:00+02:00,60,4,651,3,1,0,648
2026-07-23T02:00:00+02:00,60,4,628,1,0,0,624
2026-07-23T03:00:00+02:00,58,4,611,1,0,0,607
2026-07-23T04:00:00+02:00,60,12,614,1,0,0,601
2026-07-23T05:00:00+02:00,60,419,623,61,0,11,270
2026-07-23T06:00:00+02:00,60,1030,638,385,1,39,44
2026-07-23T07:00:00+02:00,60,3126,628,2514,0,212,259
2026-07-23T08:00:00+02:00,60,4883,674,4219,0,273,342
2026-07-23T09:00:00+02:00,60,5316,692,4669,0,244,324
2026-07-23T10:00:00+02:00,60,7330,696,6645,0,71,95
2026-07-23T11:00:00+02:00,60,6749,3883,2224,387,1047,193
2026-07-23T12:00:00+02:00,60,6697,6441,352,133,63,72
2026-07-23T13:00:00+02:00,60,4435,6418,59,1972,297,305
2026-07-23T14:00:00+02:00,60,3928,6428,19,2434,117,176
2026-07-23T15:00:00+02:00,60,2478,1215,1780,534,66,142
2026-07-23T16:00:00+02:00,60,879,470,433,24,30,43
2026-07-23T17:00:00+02:00,60,543,562,45,44,16,40
2026-07-23T18:00:00+02:00,60,325,490,25,158,41,48
2026-07-23T19:00:00+02:00,60,336,490,33,185,36,50
2026-07-23T20:00:00+02:00,60,164,320,4,114,12,47
2026-07-23T21:00:00+02:00,60,11,366,0,320,15,42
2026-07-23T22:00:00+02:00,60,4,421,0,383,13,42
2026-07-23T23:00:00+02:00,60,4,335,2,295,16,44
2026-07-24T00:00:00+02:00,60,4,303,0,263,21,46
2026-07-24T01:00:00+02:00,60,4,289,0,250,12,42
2026-07-24T02:00:00+02:00,60,4,297,0,253,15,47
2026-07-24T03:00:00+02:00,59,4,308,0,267,15,41
2026-07-24T04:00:00+02:00,60,4,300,0,259,14,45
2026-07-24T05:00:00+02:00,60,115,296,3,147,17,43
2026-07-24T06:00:00+02:00,60,863,289,542,0,44,45
2026-07-24T07:00:00+02:00,60,5043,309,4585,0,204,84
2026-07-24T08:00:00+02:00,60,5335,3404,2447,452,184,169
2026-07-24T09:00:00+02:00,60,3494,6102,8,2552,112,129
2026-07-24T10:00:00+02:00,60,4126,5987,224,1959,136,186
2026-07-24T11:00:00+02:00,60,5836,6093,820,1021,126,169
2026-07-24T12:00:00+02:00,60,6143,862,5281,29,248,267
2026-07-24T13:00:00+02:00,60,5000,317,1234,1,3661,29
2026-07-24T14:00:00+02:00,60,3929,265,1,0,3668,0
2026-07-24T15:00:00+02:00,60,2614,4773,0,2739,685,103
2026-07-24T16:00:00+02:00,60,945,6163,0,5166,102,141
2026-07-24T17:00:00+02:00,60,1095,4034,251,3303,121,21
2026-07-24T18:00:00+02:00,60,834,451,473,130,44,41
2026-07-24T19:00:00+02:00,60,460,587,19,140,22,35
2026-07-24T20:00:00+02:00,60,155,595,0,404,25,43
2026-07-24T21:00:00+02:00,60,17,357,0,304,15,42
2026-07-24T22:00:00+02:00,60,4,447,0,411,14,39
2026-07-24T23:00:00+02:00,60,4,330,0,291,17,43
2026-07-25T00:00:00+02:00,60,4,321,0,279,14,45
2026-07-25T01:00:00+02:00,60,4,309,0,268,15,43
2026-07-25T02:00:00+02:00,60,4,304,0,264,11,43
2026-07-25T03:00:00+02:00,59,4,301,0,264,10,39
2026-07-25T04:00:00+02:00,60,33,297,3,233,14,41
2026-07-25T05:00:00+02:00,60,289,300,37,36,14,32
2026-07-25T06:00:00+02:00,60,507,306,179,0,26,14
2026-07-25T07:00:00+02:00,60,1005,312,663,0,37,25
2026-07-25T08:00:00+02:00,60,1103,310,766,0,36,17
2026-07-25T09:00:00+02:00,60,1866,635,1242,44,81,86
2026-07-25T10:00:00+02:00,60,2472,306,2127,0,72,52
2026-07-25T11:00:00+02:00,60,2132,314,1801,0,56,44
2026-07-25T12:00:00+02:00,60,1590,317,1241,0,53,31
2026-07-25T13:00:00+02:00,60,1041,368,636,0,43,25
2026-07-25T14:00:00+02:00,60,2338,465,1848,0,76,90
2026-07-25T15:00:00+02:00,60,1065,404,666,46,44,40
2026-07-25T16:00:00+02:00,60,1486,375,1081,0,49,48
2026-07-25T17:00:00+02:00,60,393,1328,89,1002,48,63
2026-07-25T18:00:00+02:00,60,105,937,0,797,23,43
2026-07-25T19:00:00+02:00,60,146,502,18,312,45,67
2026-07-25T20:00:00+02:00,60,84,339,0,219,12,42
2026-07-25T21:00:00+02:00,60,13,340,0,294,14,42
2026-07-25T22:00:00+02:00,60,4,356,1,318,21,43
2026-07-25T23:00:00+02:00,60,4,314,0,275,15,43
2026-07-26T00:00:00+02:00,60,4,305,0,265,15,44
2026-07-26T01:00:00+02:00,60,4,312,3,271,17,45
2026-07-26T02:00:00+02:00,60,4,312,2,271,23,46
2026-07-26T03:00:00+02:00,59,4,352,0,313,15,42
2026-07-26T04:00:00+02:00,58,18,293,0,238,15,43
2026-07-26T05:00:00+02:00,60,1206,287,880,3,59,24
2026-07-26T06:00:00+02:00,59,3222,307,2807,0,132,63
2026-07-26T07:00:00+02:00,59,3252,307,2926,0,247,287
2026-07-26T08:00:00+02:00,60,4443,423,4146,8,449,607
2026-07-26T09:00:00+02:00,60,4194,315,334,3,3666,48
2026-07-26T10:00:00+02:00,60,5803,327,4,3,5499,0
2026-07-26T11:00:00+02:00,59,2759,809,291,81,1795,43
2026-07-26T12:00:00+02:00,59,4197,431,4,4,3769,0
2026-07-26T13:00:00+02:00,60,3234,497,4,4,2737,0
2026-07-26T14:00:00+02:00,60,2822,310,4,4,2514,0
2026-07-26T15:00:00+02:00,59,1845,917,210,2,733,28
2026-07-26T16:00:00+02:00,59,1401,1007,3,57,463,24
2026-07-26T17:00:00+02:00,59,936,817,210,93,32,50
2026-07-26T18:00:00+02:00,60,740,296,223,2,237,69
2026-07-26T19:00:00+02:00,60,553,305,4,5,249,19
2026-07-26T20:00:00+02:00,59,232,514,8,288,34,40
2026-07-26T21:00:00+02:00,60,15,630,15,579,70,64
2026-07-26T22:00:00+02:00,59,4,652,0,617,23,44
2026-07-26T23:00:00+02:00,60,4,587,0,551,19,46
2026-07-27T00:00:00+02:00,59,4,479,2,443,15,44
2026-07-27T01:00:00+02:00,58,4,403,0,364,18,44
2026-07-27T02:00:00+02:00,57,4,334,5,293,22,44
2026-07-27T03:00:00+02:00,59,4,337,0,298,16,43
2026-07-27T04:00:00+02:00,60,50,323,0,236,16,43
2026-07-27T05:00:00+02:00,60,1209,316,858,0,49,25
2026-07-27T06:00:00+02:00,60,1779,308,1431,3,79,49
2026-07-27T07:00:00+02:00,60,4418,318,2840,1,1376,96
2026-07-27T08:00:00+02:00,60,2783,362,4,4,2421,3
2026-07-27T09:00:00+02:00,60,2793,427,4,18,2400,12
2026-07-27T10:00:00+02:00,60,3953,339,4,4,3616,0
2026-07-27T11:00:00+02:00,60,4150,370,160,4,3645,3
2026-07-27T12:00:00+02:00,60,4252,543,4,4,3709,0
2026-07-27T13:00:00+02:00,60,3954,627,4,4,3328,5
2026-07-27T14:00:00+02:00,60,4143,794,4,4,3349,0
2026-07-27T15:00:00+02:00,60,2757,875,164,3,1731,7
2026-07-27T16:00:00+02:00,60,1585,507,4,4,1079,0
2026-07-27T17:00:00+02:00,60,1347,341,4,4,1008,23
2026-07-27T18:00:00+02:00,60,844,602,11,100,322,43
2026-07-27T19:00:00+02:00,60,538,592,57,88,19,36
2026-07-27T20:00:00+02:00,60,217,1128,0,874,19,49
2026-07-27T21:00:00+02:00,60,23,993,0,944,36,47
2026-07-27T22:00:00+02:00,60,3,903,0,878,17,41
2026-07-27T23:00:00+02:00,60,4,430,0,394,17,42
2026-07-28T00:00:00+02:00,60,1,329,0,291,14,41
2026-07-28T01:00:00+02:00,60,4,322,0,284,14,43
2026-07-28T02:00:00+02:00,60,4,307,0,266,17,45
2026-07-28T03:00:00+02:00,59,4,309,0,270,13,42
2026-07-28T04:00:00+02:00,60,15,300,0,248,13,41
2026-07-28T05:00:00+02:00,60,1060,302,723,4,48,17
2026-07-28T06:00:00+02:00,60,3449,318,2991,0,147,65
2026-07-28T07:00:00+02:00,60,5176,444,2545,2,2237,70
2026-07-28T08:00:00+02:00,60,6318,351,4,4,5966,0
2026-07-28T09:00:00+02:00,60,6969,461,4,4,6507,0
2026-07-28T10:00:00+02:00,60,7175,365,4,4,6811,0
2026-07-28T11:00:00+02:00,60,6986,359,176,4,6516,6
2026-07-28T12:00:00+02:00,60,6375,1181,4,4,5193,0
2026-07-28T13:00:00+02:00,60,5352,445,4,4,4908,0
2026-07-28T14:00:00+02:00,60,4053,376,4,4,3679,0
2026-07-28T15:00:00+02:00,60,2410,1643,259,208,778,72
2026-07-28T16:00:00+02:00,60,983,870,258,149,62,91
2026-07-28T17:00:00+02:00,60,621,1538,166,1104,52,101
2026-07-28T18:00:00+02:00,60,491,1439,14,925,52,75
2026-07-28T19:00:00+02:00,60,321,1147,8,805,92,79
2026-07-28T20:00:00+02:00,60,141,639,2,458,60,62
2026-07-28T21:00:00+02:00,60,5,970,0,931,62,53
2026-07-28T22:00:00+02:00,60,2,996,0,959,34,78
2026-07-28T23:00:00+02:00,60,2,1254,0,1224,23,48
2026-07-29T00:00:00+02:00,60,1,528,0,486,66,61
2026-07-29T01:00:00+02:00,60,2,328,0,287,63,55
2026-07-29T02:00:00+02:00,60,4,318,0,276,16,46
2026-07-29T03:00:00+02:00,61,4,314,0,275,14,39
2026-07-29T04:00:00+02:00,60,23,292,0,234,16,41
2026-07-29T05:00:00+02:00,60,610,286,303,2,34,23
2026-07-29T06:00:00+02:00,60,3236,308,2803,0,137,51
2026-07-29T07:00:00+02:00,60,4850,399,4295,0,200,111
2026-07-29T08:00:00+02:00,60,5770,392,2516,2,2982,71
2026-07-29T09:00:00+02:00,60,5793,364,4,2,5435,0
2026-07-29T10:00:00+02:00,60,3564,312,4,2,3255,0
2026-07-29T11:00:00+02:00,60,1653,343,108,24,1239,11
2026-07-29T12:00:00+02:00,60,1754,881,123,224,1014,44
2026-07-29T13:00:00+02:00,60,1885,1018,359,23,576,25
2026-07-29T14:00:00+02:00,60,2176,2091,3,407,523,46
2026-07-29T15:00:00+02:00,60,2223,2329,338,454,94,120
2026-07-29T16:00:00+02:00,60,967,1339,17,351,64,81
2026-07-29T17:00:00+02:00,60,613,2067,0,1422,68,85
2026-07-29T18:00:00+02:00,60,544,1451,3,860,65,95
2026-07-29T19:00:00+02:00,60,268,2119,0,1834,74,77
2026-07-29T20:00:00+02:00,60,85,1394,23,1260,192,172
2026-07-29T21:00:00+02:00,60,4,888,0,844,53,69
2026-07-29T22:00:00+02:00,60,2,748,0,715,24,47
2026-07-29T23:00:00+02:00,60,4,914,5,882,35,56
2026-07-30T00:00:00+02:00,60,3,949,0,922,21,38
2026-07-30T01:00:00+02:00,60,2,402,1,354,72,66
2026-07-30T02:00:00+02:00,60,4,369,0,327,43,52
2026-07-30T03:00:00+02:00,58,4,602,0,569,28,46
2026-07-30T04:00:00+02:00,60,9,1237,1,1200,36,51
2026-07-30T05:00:00+02:00,60,542,365,293,101,30,40
2026-07-30T06:00:00+02:00,60,2291,331,1937,0,97,96
2026-07-30T07:00:00+02:00,60,3535,455,3087,19,138,158
2026-07-30T08:00:00+02:00,60,3855,382,3514,0,178,236
2026-07-30T09:00:00+02:00,60,3962,418,3525,0,145,156
2026-07-30T10:00:00+02:00,60,4724,386,2430,1,2020,103
2026-07-30T11:00:00+02:00,60,6267,855,4,4,5411,0
2026-07-30T12:00:00+02:00,60,5509,551,3,2,4964,0
2026-07-30T13:00:00+02:00,60,5121,642,3,4,4482,0
2026-07-30T14:00:00+02:00,60,2922,483,187,2,2316,57
2026-07-30T15:00:00+02:00,60,1786,394,4,4,1392,0
2026-07-30T16:00:00+02:00,60,1157,441,34,44,724,23
2026-07-30T17:00:00+02:00,60,1075,578,192,21,326,26
2026-07-30T18:00:00+02:00,60,715,528,4,9,201,35
2026-07-30T19:00:00+02:00,60,416,983,1,524,25,56
2026-07-30T20:00:00+02:00,60,170,1364,0,1162,32,55
2026-07-30T21:00:00+02:00,60,11,1175,17,1126,62,76
2026-07-30T22:00:00+02:00,60,4,780,0,751,18,41
2026-07-30T23:00:00+02:00,60,3,600,0,564,19,43
2026-07-31T00:00:00+02:00,60,1,520,0,486,22,45
2026-07-31T01:00:00+02:00,60,4,614,0,575,23,50
2026-07-31T02:00:00+02:00,60,4,383,0,341,18,47
2026-07-31T03:00:00+02:00,58,1,713,21,669,26,58
2026-07-31T04:00:00+02:00,60,3,836,0,806,22,39
2026-07-31T05:00:00+02:00,60,0,364,0,325,15,44
2026-07-31T06:00:00+02:00,60,113,347,0,194,13,47
2026-07-31T07:00:00+02:00,60,1662,359,1287,3,61,45
2026-07-31T08:00:00+02:00,60,5857,467,5293,0,169,139
2026-07-31T09:00:00+02:00,60,6918,426,2872,1,3690,74
2026-07-31T10:00:00+02:00,60,7293,375,3,1,6919,0
2026-07-31T11:00:00+02:00,60,7151,480,4,3,6669,0
2026-07-31T12:00:00+02:00,60,6617,387,4,1,6230,0
2026-07-31T13:00:00+02:00,60,5504,524,193,2,4828,4
2026-07-31T14:00:00+02:00,60,4226,725,3,0,3503,0
2026-07-31T15:00:00+02:00,60,2416,1091,4,1,1323,0
2026-07-31T16:00:00+02:00,60,771,692,2,5,89,14
2026-07-31T17:00:00+02:00,60,674,662,49,32,28,34
2026-07-31T18:00:00+02:00,60,740,996,124,320,156,134
2026-07-31T19:00:00+02:00,60,467,817,1,308,28,57
2026-07-31T20:00:00+02:00,60,185,1319,4,1110,60,68
2026-07-31T21:00:00+02:00,60,12,1006,0,964,42,68
2026-07-31T22:00:00+02:00,60,4,1495,0,1462,39,56
2026-07-31T23:00:00+02:00,60,4,524,0,478,69,67
2026-08-01T00:00:00+02:00,60,2,383,0,343,33,51
2026-08-01T01:00:00+02:00,60,2,375,0,336,20,45
2026-08-01T02:00:00+02:00,60,4,363,0,324,15,43
2026-08-01T03:00:00+02:00,59,4,362,0,327,17,40
2026-08-01T04:00:00+02:00,60,11,350,0,302,11,41
2026-08-01T05:00:00+02:00,60,546,351,298,93,36,40
2026-08-01T06:00:00+02:00,60,1718,370,1296,0,78,47
2026-08-01T07:00:00+02:00,60,1973,497,1525,63,111,159
2026-08-01T08:00:00+02:00,60,3339,433,2952,0,281,363
2026-08-01T09:00:00+02:00,60,3810,1190,2437,31,571,294
2026-08-01T10:00:00+02:00,60,7086,1216,3,43,5926,32
2026-08-01T11:00:00+02:00,60,6973,586,4,0,6388,0
2026-08-01T12:00:00+02:00,60,6436,5402,387,409,1093,170
2026-08-01T13:00:00+02:00,60,5538,6188,20,616,74,83
2026-08-01T14:00:00+02:00,60,4244,6100,12,1821,59,99
2026-08-01T15:00:00+02:00,60,2341,6091,0,3633,38,149
2026-08-01T16:00:00+02:00,60,705,6060,0,5219,27,166
2026-08-01T17:00:00+02:00,60,441,6339,0,5829,50,112
2026-08-01T18:00:00+02:00,60,379,6087,2,1062,1,4683
2026-08-01T19:00:00+02:00,60,275,434,3,0,0,170
2026-08-01T20:00:00+02:00,60,121,427,0,0,0,308
2026-08-01T21:00:00+02:00,60,7,416,0,0,0,409
2026-08-01T22:00:00+02:00,60,4,397,0,0,0,393
2026-08-01T23:00:00+02:00,60,4,373,0,0,0,371
2026-08-02T00:00:00+02:00,60,4,368,0,0,0,365
2026-08-02T01:00:00+02:00,60,4,363,0,0,0,361
2026-08-02T02:00:00+02:00,60,4,354,0,0,0,350
2026-08-02T03:00:00+02:00,59,4,434,0,0,0,431
2026-08-02T04:00:00+02:00,60,4,361,0,0,0,357
2026-08-02T05:00:00+02:00,60,834,359,560,0,35,160
2026-08-02T06:00:00+02:00,60,3200,367,2723,0,124,45
2026-08-02T07:00:00+02:00,60,4338,386,3916,0,250,270
2026-08-02T08:00:00+02:00,60,4160,437,3855,0,513,709
2026-08-02T09:00:00+02:00,60,5358,547,4953,0,506,648
2026-08-02T10:00:00+02:00,60,5883,476,4708,0,1365,724
2026-08-02T11:00:00+02:00,60,4906,420,3,0,4504,0
2026-08-02T12:00:00+02:00,60,3408,422,4,1,2994,0
2026-08-02T13:00:00+02:00,60,4002,532,4,1,3474,0
2026-08-02T14:00:00+02:00,60,3987,408,188,0,3424,14
2026-08-02T15:00:00+02:00,60,2437,364,1,0,2074,8
2026-08-02T16:00:00+02:00,60,784,391,4,19,415,29
2026-08-02T17:00:00+02:00,60,649,372,176,0,107,11
2026-08-02T18:00:00+02:00,60,517,368,136,6,22,12
2026-08-02T19:00:00+02:00,60,292,541,14,239,64,60
2026-08-02T20:00:00+02:00,60,120,361,0,200,14,44
2026-08-02T21:00:00+02:00,60,6,394,0,353,19,41
2026-08-02T22:00:00+02:00,60,4,361,0,322,16,43
2026-08-02T23:00:00+02:00,60,4,364,0,328,14,40
2026-08-03T00:00:00+02:00,60,4,353,0,315,14,41
2026-08-03T01:00:00+02:00,60,4,353,6,311,21,45
2026-08-03T02:00:00+02:00,60,4,352,0,314,12,43
2026-08-03T03:00:00+02:00,59,4,418,0,377,15,43
2026-08-03T04:00:00+02:00,60,8,358,0,316,19,44
2026-08-03T05:00:00+02:00,60,933,370,620,86,48,51
2026-08-03T06:00:00+02:00,60,2086,433,1594,0,85,60
2026-08-03T07:00:00+02:00,60,1145,377,737,0,47,55
2026-08-03T08:00:00+02:00,60,1318,367,921,0,40,31
2026-08-03T09:00:00+02:00,60,2230,672,1060,140,654,40
2026-08-03T10:00:00+02:00,60,3461,391,64,3,3013,1
2026-08-03T11:00:00+02:00,60,4543,350,4,2,4195,0
2026-08-03T12:00:00+02:00,60,5713,360,3,3,5358,0
2026-08-03T13:00:00+02:00,60,5523,365,4,4,5163,0
2026-08-03T14:00:00+02:00,60,3930,392,165,4,3447,16
2026-08-03T15:00:00+02:00,60,2249,358,4,3,1890,0
2026-08-03T16:00:00+02:00,60,757,343,4,4,415,14
2026-08-03T17:00:00+02:00,60,697,674,66,71,157,75
2026-08-03T18:00:00+02:00,60,567,498,107,29,36,26
2026-08-03T19:00:00+02:00,60,307,415,14,101,59,39
2026-08-03T20:00:00+02:00,60,103,382,2,240,15,46
2026-08-03T21:00:00+02:00,60,3,389,0,351,15,42
2026-08-03T22:00:00+02:00,60,4,854,2,803,50,60
2026-08-03T23:00:00+02:00,60,3,790,14,749,21,48
2026-08-04T00:00:00+02:00,60,4,369,4,330,19,44
2026-08-04T01:00:00+02:00,60,4,368,0,329,21,41
2026-08-04T02:00:00+02:00,60,4,364,0,325,20,42
2026-08-04T03:00:00+02:00,58,4,396,0,354,11,44
2026-08-04T04:00:00+02:00,60,4,382,0,344,14,40
2026-08-04T05:00:00+02:00,60,59,345,0,246,14,43
2026-08-04T06:00:00+02:00,60,537,351,183,4,22,36
2026-08-04T07:00:00+02:00,60,3403,380,2924,0,130,54
2026-08-04T08:00:00+02:00,60,5382,408,2952,2,2075,36
2026-08-04T09:00:00+02:00,60,3695,581,4,4,3112,0
2026-08-04T10:00:00+02:00,60,7009,486,4,4,6522,0
2026-08-04T11:00:00+02:00,60,6777,471,4,3,6307,0
2026-08-04T12:00:00+02:00,60,6024,402,160,4,5494,13
2026-08-04T13:00:00+02:00,60,5201,398,4,4,4803,0
2026-08-04T14:00:00+02:00,60,3984,1099,4,4,2885,0
2026-08-04T15:00:00+02:00,60,2297,935,4,3,1362,0
2026-08-04T16:00:00+02:00,60,698,404,28,46,314,15
2026-08-04T17:00:00+02:00,60,437,375,64,7,21,18
2026-08-04T18:00:00+02:00,60,356,385,24,43,25,38
2026-08-04T19:00:00+02:00,60,249,370,4,79,13,48
2026-08-04T20:00:00+02:00,60,90,541,0,409,57,56
2026-08-04T21:00:00+02:00,60,0,389,0,354,15,40
2026-08-04T22:00:00+02:00,60,4,379,0,339,18,43
2026-08-04T23:00:00+02:00,60,4,403,0,365,21,42
2026-08-05T00:00:00+02:00,60,4,390,0,352,15,42
2026-08-05T01:00:00+02:00,60,4,355,0,316,23,44
2026-08-05T02:00:00+02:00,60,4,364,0,323,16,43
2026-08-05T03:00:00+02:00,57,3,366,0,327,13,42
2026-08-05T04:00:00+02:00,60,1,436,0,402,14,38
2026-08-05T05:00:00+02:00,60,73,423,1,316,16,40
2026-08-05T06:00:00+02:00,57,633,380,240,2,26,20
2026-08-05T07:00:00+02:00,60,456,372,88,11,21,21
2026-08-05T08:00:00+02:00,60,686,373,290,5,31,28
2026-08-05T09:00:00+02:00,59,1190,461,738,43,54,73
2026-08-05T10:00:00+02:00,60,1947,398,1512,0,59,47
2026-08-05T11:00:00+02:00,59,1579,405,1143,0,52,47
2026-08-05T12:00:00+02:00,60,1691,776,898,0,46,43
2026-08-05T13:00:00+02:00,57,1487,509,977,11,57,44
2026-08-05T14:00:00+02:00,58,1448,477,185,3,798,17
2026-08-05T15:00:00+02:00,60,987,393,4,3,592,0
2026-08-05T16:00:00+02:00,60,1234,390,4,4,844,3
2026-08-05T17:00:00+02:00,60,955,369,5,4,585,20
2026-08-05T18:00:00+02:00,60,581,384,181,1,25,22
2026-08-05T19:00:00+02:00,60,248,374,30,140,13,32
2026-08-05T20:00:00+02:00,59,51,509,6,424,33,55
2026-08-05T21:00:00+02:00,58,2,471,21,436,38,53
2026-08-05T22:00:00+02:00,58,4,398,0,358,15,45
2026-08-05T23:00:00+02:00,60,2,397,0,360,13,41
2026-08-06T00:00:00+02:00,59,3,396,5,356,19,44
2026-08-06T01:00:00+02:00,58,4,386,0,348,13,40
2026-08-06T02:00:00+02:00,58,4,377,0,339,13,40
2026-08-06T03:00:00+02:00,58,1,373,0,337,18,42
2026-08-06T04:00:00+02:00,60,0,435,0,401,16,40
2026-08-06T05:00:00+02:00,60,464,450,208,179,25,34
2026-08-06T06:00:00+02:00,60,1195,372,827,6,80,93
2026-08-06T07:00:00+02:00,60,2306,381,1924,2,193,210
2026-08-06T08:00:00+02:00,59,5256,418,2381,2,2803,321
2026-08-06T09:00:00+02:00,60,3297,465,3,10,2857,34
2026-08-06T10:00:00+02:00,60,5470,421,4,3,5067,15
2026-08-06T11:00:00+02:00,60,5811,721,339,85,5002,121
2026-08-06T12:00:00+02:00,60,5089,941,2,55,4211,6
2026-08-06T13:00:00+02:00,60,4044,390,154,2,3524,10
2026-08-06T14:00:00+02:00,60,3413,526,2,5,2898,2
2026-08-06T15:00:00+02:00,60,902,478,209,54,320,32
2026-08-06T16:00:00+02:00,60,943,405,4,10,549,5
2026-08-06T17:00:00+02:00,60,734,362,3,12,388,25
2026-08-06T18:00:00+02:00,60,519,368,6,6,154,54
2026-08-06T19:00:00+02:00,60,304,387,20,71,21,38
2026-08-06T20:00:00+02:00,60,74,591,2,479,54,60
2026-08-06T21:00:00+02:00,60,2,520,7,487,19,45
2026-08-06T22:00:00+02:00,60,4,474,0,437,15,42
2026-08-06T23:00:00+02:00,60,3,374,0,335,12,41
2026-08-07T00:00:00+02:00,60,4,357,0,314,18,46
2026-08-07T01:00:00+02:00,60,4,345,0,307,12,42
2026-08-07T02:00:00+02:00,60,4,365,0,326,14,42
2026-08-07T03:00:00+02:00,58,4,366,4,326,15,47
2026-08-07T04:00:00+02:00,60,4,374,0,334,16,41
2026-08-07T05:00:00+02:00,60,155,437,1,243,11,44
2026-08-07T06:00:00+02:00,60,2782,382,2313,3,110,35
2026-08-07T07:00:00+02:00,60,3982,384,3009,1,733,135
2026-08-07T08:00:00+02:00,60,1440,4373,24,3189,366,142
2026-08-07T09:00:00+02:00,60,3005,6229,276,3428,276,261
2026-08-07T10:00:00+02:00,60,2495,6129,0,3621,95,104
2026-08-07T11:00:00+02:00,60,3659,4025,2150,2493,214,218
2026-08-07T12:00:00+02:00,60,4418,5363,989,2020,212,303
2026-08-07T13:00:00+02:00,60,3986,6283,195,2475,194,265
2026-08-07T14:00:00+02:00,60,2840,1113,2030,226,149,148
2026-08-07T15:00:00+02:00,60,2244,707,1527,0,76,77
2026-08-07T16:00:00+02:00,60,1466,1048,397,1,45,42
2026-08-07T17:00:00+02:00,60,956,1234,63,312,74,62
2026-08-07T18:00:00+02:00,60,720,1027,10,284,30,55
2026-08-07T19:00:00+02:00,60,261,857,0,562,19,46
2026-08-07T20:00:00+02:00,60,93,1043,10,917,66,61
2026-08-07T21:00:00+02:00,60,2,651,0,619,26,46
2026-08-07T22:00:00+02:00,60,4,474,0,436,22,46
2026-08-07T23:00:00+02:00,60,4,436,0,397,21,45
2026-08-08T00:00:00+02:00,60,4,395,0,356,16,42
2026-08-08T01:00:00+02:00,60,4,324,0,283,14,43
2026-08-08T02:00:00+02:00,60,4,341,5,303,18,42
2026-08-08T03:00:00+02:00,59,4,338,0,297,15,45
2026-08-08T04:00:00+02:00,60,4,336,0,294,15,45
2026-08-08T05:00:00+02:00,60,169,312,60,164,21,44
2026-08-08T06:00:00+02:00,60,2563,310,2203,0,103,98
2026-08-08T07:00:00+02:00,60,4571,310,4233,0,205,219
2026-08-08T08:00:00+02:00,60,5963,324,5578,0,261,203
2026-08-08T09:00:00+02:00,60,5086,489,4690,0,408,417
2026-08-08T10:00:00+02:00,60,6405,325,2118,0,4047,86
2026-08-08T11:00:00+02:00,60,6511,827,3,0,5687,0
2026-08-08T12:00:00+02:00,60,4424,835,3,1,3591,0
2026-08-08T13:00:00+02:00,60,4436,847,43,2,3553,2
2026-08-08T14:00:00+02:00,60,3525,676,135,23,2760,15
2026-08-08T15:00:00+02:00,60,2411,596,0,104,1933,23
2026-08-08T16:00:00+02:00,60,839,1281,57,479,46,64
2026-08-08T17:00:00+02:00,60,659,613,120,112,37,52
2026-08-08T18:00:00+02:00,60,461,2714,30,2188,179,203
2026-08-08T19:00:00+02:00,60,223,1092,0,820,91,90
2026-08-08T20:00:00+02:00,60,59,1043,0,951,84,89
2026-08-08T21:00:00+02:00,60,1,823,0,800,19,38
2026-08-08T22:00:00+02:00,60,2,960,0,926,23,50
2026-08-08T23:00:00+02:00,60,2,1092,0,1060,35,53
2026-08-09T00:00:00+02:00,60,3,586,0,542,59,67
2026-08-09T01:00:00+02:00,60,4,531,0,495,25,45
2026-08-09T02:00:00+02:00,60,4,513,0,475,17,41
2026-08-09T03:00:00+02:00,58,4,488,0,453,17,40
2026-08-09T04:00:00+02:00,60,4,487,0,450,18,40
2026-08-09T05:00:00+02:00,60,521,497,303,287,40,32
2026-08-09T06:00:00+02:00,60,2668,525,2054,0,101,85
2026-08-09T07:00:00+02:00,60,4687,482,4144,0,164,129
2026-08-09T08:00:00+02:00,60,6120,492,5466,0,193,128
2026-08-09T09:00:00+02:00,60,6044,451,313,1,5353,37
2026-08-09T10:00:00+02:00,60,6415,850,2,0,5571,0
2026-08-09T11:00:00+02:00,60,7007,632,3,0,6377,0
2026-08-09T12:00:00+02:00,60,6329,455,179,0,5726,0
2026-08-09T13:00:00+02:00,60,4992,320,4,3,4672,0
2026-08-09T14:00:00+02:00,60,3036,338,4,0,2698,0
2026-08-09T15:00:00+02:00,60,2362,318,4,1,2043,0
2026-08-09T16:00:00+02:00,60,1090,499,308,107,392,40
2026-08-09T17:00:00+02:00,60,798,694,81,115,118,71
2026-08-09T18:00:00+02:00,60,587,849,3,234,29,45
2026-08-09T19:00:00+02:00,60,226,808,0,549,21,42
2026-08-09T20:00:00+02:00,60,49,947,0,868,36,55
2026-08-09T21:00:00+02:00,60,4,760,0,729,27,47
2026-08-09T22:00:00+02:00,60,4,643,2,605,24,45
2026-08-09T23:00:00+02:00,60,4,341,0,303,15,42
2026-08-10T00:00:00+02:00,60,2,330,0,292,13,41
2026-08-10T01:00:00+02:00,60,4,312,0,271,14,43
2026-08-10T02:00:00+02:00,60,4,303,0,265,12,42
2026-08-10T03:00:00+02:00,58,4,305,0,264,16,44
2026-08-10T04:00:00+02:00,60,4,296,0,257,16,44
2026-08-10T05:00:00+02:00,60,89,304,2,174,7,48
2026-08-10T06:00:00+02:00,60,224,436,31,192,59,58
2026-08-10T07:00:00+02:00,60,248,509,4,232,20,46
2026-08-10T08:00:00+02:00,60,638,487,154,14,24,21
2026-08-10T09:00:00+02:00,60,1124,537,593,18,50,87
2026-08-10T10:00:00+02:00,60,1876,613,1370,132,120,96
2026-08-10T11:00:00+02:00,60,3106,714,2470,38,207,308
2026-08-10T12:00:00+02:00,60,3428,435,3003,0,376,367
2026-08-10T13:00:00+02:00,60,4992,477,41,2,4492,4
2026-08-10T14:00:00+02:00,60,4086,435,4,0,3651,0
2026-08-10T15:00:00+02:00,60,2007,394,4,0,1613,0
2026-08-10T16:00:00+02:00,60,732,440,61,3,239,32
2026-08-10T17:00:00+02:00,60,556,407,141,7,28,24
2026-08-10T18:00:00+02:00,60,359,494,24,163,22,36
2026-08-10T19:00:00+02:00,60,199,660,5,424,34,52
2026-08-10T20:00:00+02:00,60,65,595,0,498,17,43
2026-08-10T21:00:00+02:00,60,0,803,5,767,56,55
2026-08-10T22:00:00+02:00,60,0,550,0,518,20,43
2026-08-10T23:00:00+02:00,60,0,387,0,351,17,48
2026-08-11T00:00:00+02:00,60,0,372,0,334,24,47
2026-08-11T01:00:00+02:00,60,0,333,0,293,18,49
2026-08-11T02:00:00+02:00,60,0,413,0,376,18,50
2026-08-11T03:00:00+02:00,58,0,864,3,823,63,57
2026-08-11T04:00:00+02:00,60,0,594,4,550,34,51
2026-08-11T05:00:00+02:00,60,581,421,356,178,38,34
2026-08-11T06:00:00+02:00,60,2437,340,2014,0,110,48
2026-08-11T07:00:00+02:00,60,4416,460,3893,31,169,126
2026-08-11T08:00:00+02:00,60,6162,442,935,1,4838,9
2026-08-11T09:00:00+02:00,60,6830,455,4,0,6373,0
2026-08-11T10:00:00+02:00,60,6191,463,4,2,5736,0
2026-08-11T11:00:00+02:00,60,4909,556,4,3,4365,3
2026-08-11T12:00:00+02:00,60,5055,566,178,2,4361,13
2026-08-11T13:00:00+02:00,60,4077,545,4,4,3537,0
2026-08-11T14:00:00+02:00,60,3163,439,4,4,2725,0
2026-08-11T15:00:00+02:00,60,2224,361,4,4,1863,0
2026-08-11T16:00:00+02:00,60,1118,374,184,1,572,34
2026-08-11T17:00:00+02:00,60,1012,434,3,0,578,19
2026-08-11T18:00:00+02:00,60,663,904,22,388,188,83
2026-08-11T19:00:00+02:00,60,261,670,0,372,18,44
2026-08-11T20:00:00+02:00,60,60,804,0,716,24,42
2026-08-11T21:00:00+02:00,60,0,875,0,850,19,41
2026-08-11T22:00:00+02:00,60,0,677,0,644,18,44
2026-08-11T23:00:00+02:00,60,0,398,0,360,17,45
2026-08-12T00:00:00+02:00,60,0,387,0,351,18,45
2026-08-12T01:00:00+02:00,60,0,374,0,335,17,45
2026-08-12T02:00:00+02:00,60,0,364,1,326,17,47
2026-08-12T03:00:00+02:00,59,0,404,0,368,16,42
2026-08-12T04:00:00+02:00,60,0,373,0,337,15,43
2026-08-12T05:00:00+02:00,60,229,386,55,189,19,37
2026-08-12T06:00:00+02:00,60,1428,810,876,302,58,87
2026-08-12T07:00:00+02:00,60,4271,1028,3240,74,159,102
2026-08-12T08:00:00+02:00,60,6048,525,3215,2,2439,109
2026-08-12T09:00:00+02:00,60,6800,495,4,3,6305,0
2026-08-12T10:00:00+02:00,60,7006,444,4,4,6561,0
2026-08-12T11:00:00+02:00,60,6589,454,4,4,6136,0
2026-08-12T12:00:00+02:00,60,5864,490,174,4,5249,2
2026-08-12T13:00:00+02:00,60,4699,588,4,3,4114,0
2026-08-12T14:00:00+02:00,60,2944,568,4,2,2374,0
2026-08-12T15:00:00+02:00,60,2103,587,4,3,1517,21
2026-08-12T16:00:00+02:00,60,1042,634,167,2,254,35
2026-08-12T17:00:00+02:00,60,656,562,144,95,44,46
2026-08-12T18:00:00+02:00,60,836,469,124,18,266,9
2026-08-12T19:00:00+02:00,60,229,476,2,236,33,40
2026-08-12T20:00:00+02:00,60,3,1289,4,1254,58,84
2026-08-12T21:00:00+02:00,60,0,851,0,813,49,66
2026-08-12T22:00:00+02:00,60,0,1459,0,1434,38,55
2026-08-12T23:00:00+02:00,60,0,874,0,841,46,62
2026-08-13T00:00:00+02:00,60,0,478,0,434,61,73
2026-08-13T01:00:00+02:00,60,0,335,0,296,21,47
2026-08-13T02:00:00+02:00,60,0,333,0,292,19,48
2026-08-13T03:00:00+02:00,59,0,324,0,283,21,47
2026-08-13T04:00:00+02:00,60,0,320,0,283,18,45
2026-08-13T05:00:00+02:00,60,82,438,2,317,40,49
2026-08-13T06:00:00+02:00,60,1705,321,1333,0,78,47
2026-08-13T07:00:00+02:00,60,2852,499,2328,9,115,112
2026-08-13T08:00:00+02:00,60,5149,493,4502,0,220,74
2026-08-13T09:00:00+02:00,60,6155,465,65,4,5659,5
2026-08-13T10:00:00+02:00,60,6545,467,4,1,6079,0
2026-08-13T11:00:00+02:00,60,6643,476,4,3,6167,0
2026-08-13T12:00:00+02:00,60,5122,481,167,2,4522,1
2026-08-13T13:00:00+02:00,52,3764,498,128,3,3150,4
2026-08-13T14:00:00+02:00,60,2944,526,0,0,2417,0
2026-08-13T15:00:00+02:00,60,2002,447,0,0,1555,0
2026-08-13T16:00:00+02:00,60,1241,413,0,0,828,0
2026-08-13T17:00:00+02:00,60,628,313,51,0,265,0
2026-08-13T18:00:00+02:00,60,422,372,72,25,15,12
2026-08-13T19:00:00+02:00,60,262,698,2,386,12,58
2026-08-13T20:00:00+02:00,60,65,726,0,626,6,39
2026-08-13T21:00:00+02:00,60,0,616,0,585,7,38
2026-08-13T22:00:00+02:00,60,0,542,0,502,5,45
2026-08-13T23:00:00+02:00,60,0,516,0,478,4,42
2026-08-14T00:00:00+02:00,60,0,371,0,330,4,44
2026-08-14T01:00:00+02:00,60,0,327,0,286,4,42
2026-08-14T02:00:00+02:00,60,0,323,1,278,3,44
2026-08-14T03:00:00+02:00,58,0,343,2,301,8,49
2026-08-14T04:00:00+02:00,60,0,341,0,303,2,41
2026-08-14T05:00:00+02:00,60,228,459,67,275,10,32
2026-08-14T06:00:00+02:00,60,2212,407,1733,0,84,11
2026-08-14T07:00:00+02:00,60,3326,454,2821,0,92,38
2026-08-14T08:00:00+02:00,60,2808,445,1470,0,916,23
2026-08-14T09:00:00+02:00,60,2470,473,0,0,1995,0
2026-08-14T10:00:00+02:00,60,2204,471,0,0,1733,0
2026-08-14T11:00:00+02:00,60,4358,450,0,0,3909,0
2026-08-14T12:00:00+02:00,60,6147,842,141,0,5169,0
2026-08-14T13:00:00+02:00,60,4911,1019,0,0,3892,0
2026-08-14T14:00:00+02:00,60,3557,542,0,0,3016,0
2026-08-14T15:00:00+02:00,60,2047,459,0,0,1587,0
2026-08-14T16:00:00+02:00,60,1026,481,157,0,388,1
2026-08-14T17:00:00+02:00,60,1035,668,49,88,413,9
2026-08-14T18:00:00+02:00,60,425,495,40,96,10,25
2026-08-14T19:00:00+02:00,60,192,833,0,600,9,45
2026-08-14T20:00:00+02:00,60,17,994,0,943,11,48
2026-08-14T21:00:00+02:00,60,0,780,0,756,3,28
2026-08-14T22:00:00+02:00,60,0,594,0,560,5,35
2026-08-14T23:00:00+02:00,60,0,620,0,586,4,37
2026-08-15T00:00:00+02:00,60,1,479,0,441,4,41
2026-08-15T01:00:00+02:00,60,2,490,0,451,4,39
2026-08-15T02:00:00+02:00,60,1,406,0,366,4,40
2026-08-15T03:00:00+02:00,59,0,344,0,304,3,41
2026-08-15T04:00:00+02:00,60,0,328,0,285,3,43
2026-08-15T05:00:00+02:00,60,22,389,3,326,8,47
2026-08-15T06:00:00+02:00,60,744,333,417,15,24,17
2026-08-15T07:00:00+02:00,60,1699,425,1243,0,57,29
2026-08-15T08:00:00+02:00,60,4728,356,4295,0,147,66
2026-08-15T09:00:00+02:00,60,5639,598,1656,0,3417,31
2026-08-15T10:00:00+02:00,60,5324,485,0,0,4840,0
2026-08-15T11:00:00+02:00,60,4465,470,0,0,3997,0
2026-08-15T12:00:00+02:00,60,4740,1159,173,0,3415,7
2026-08-15T13:00:00+02:00,60,3401,2088,0,0,1313,0
2026-08-15T14:00:00+02:00,60,3070,484,0,0,2586,0
2026-08-15T15:00:00+02:00,60,1961,538,0,6,1433,4
2026-08-15T16:00:00+02:00,60,1301,829,362,191,316,15
2026-08-15T17:00:00+02:00,60,1073,1035,160,367,269,21
2026-08-15T18:00:00+02:00,60,454,775,7,284,10,55
2026-08-15T19:00:00+02:00,60,241,610,0,330,9,48
2026-08-15T20:00:00+02:00,60,38,697,1,621,9,43
2026-08-15T21:00:00+02:00,60,0,711,0,680,5,36
2026-08-15T22:00:00+02:00,60,0,564,0,525,4,42
2026-08-15T23:00:00+02:00,60,0,531,0,495,5,40